{
  "hostname":"10.0.4.204",
  "cluster":"frontend-us-west-2-jkp2nzp3zw",
  "slaves":[
    {
      "id":"c3a4561b-aa55-4ad0-81fc-4444b1257ddf-S1",
      "pid":"slave(1)@10.0.5.247:5051",
      "hostname":"10.0.5.247",
      "registered_time":1473435826.65421,
      "resources":{
        "disk":35577.0,
        "mem":14018.0,
        "gpus":0.0,
        "cpus":4.0,
        "ports":"[1-21, 23-5050, 5052-32000]"
      },
      "used_resources":{
        "disk":0.0,
        "mem":0.0,
        "gpus":0.0,
        "cpus":0.0
      },
      "offered_resources":{
        "disk":0.0,
        "mem":0.0,
        "gpus":0.0,
        "cpus":0.0
      },
      "reserved_resources":{
        "slave_public":{
          "disk":35577.0,
          "mem":14018.0,
          "gpus":0.0,
          "cpus":4.0,
          "ports":"[1-21, 23-5050, 5052-32000]"
        }
      },
      "unreserved_resources":{
        "disk":0.0,
        "mem":0.0,
        "gpus":0.0,
        "cpus":0.0
      },
      "attributes":{
        "public_ip":"true"
      },
      "active":true,
      "version":"1.0.1",
      "TASK_STAGING":0,
      "TASK_STARTING":0,
      "TASK_RUNNING":0,
      "TASK_KILLING":0,
      "TASK_FINISHED":0,
      "TASK_KILLED":0,
      "TASK_FAILED":0,
      "TASK_LOST":0,
      "TASK_ERROR":0,
      "framework_ids":[

      ]
    },
    {
      "id":"c3a4561b-aa55-4ad0-81fc-4444b1257ddf-S0",
      "pid":"slave(1)@10.0.1.37:5051",
      "hostname":"10.0.1.37",
      "registered_time":1473435803.99912,
      "resources":{
        "disk":35577.0,
        "mem":14018.0,
        "gpus":0.0,
        "cpus":4.0,
        "ports":"[1025-2180, 2182-3887, 3889-5049, 5052-8079, 8082-8180, 8182-32000]"
      },
      "used_resources":{
        "disk":5000.0,
        "mem":4846.0,
        "gpus":0.0,
        "cpus":3.6,
        "ports":"[5732-5735, 9149-9149, 9199-9199, 10195-10195, 31933-31933]"
      },
      "offered_resources":{
        "disk":0.0,
        "mem":0.0,
        "gpus":0.0,
        "cpus":0.0
      },
      "reserved_resources":{
        "confluent-kafka-role":{
          "disk":5000.0,
          "mem":2560.0,
          "gpus":0.0,
          "cpus":1.5,
          "ports":"[9149-9149, 9199-9199]"
        }
      },
      "unreserved_resources":{
        "disk":30577.0,
        "mem":11458.0,
        "gpus":0.0,
        "cpus":2.5,
        "ports":"[1025-2180, 2182-3887, 3889-5049, 5052-8079, 8082-8180, 8182-9148, 9150-9198, 9200-32000]"
      },
      "attributes":{

      },
      "active":true,
      "version":"1.0.1",
      "TASK_STAGING":0,
      "TASK_STARTING":0,
      "TASK_RUNNING":4,
      "TASK_KILLING":0,
      "TASK_FINISHED":32,
      "TASK_KILLED":0,
      "TASK_FAILED":0,
      "TASK_LOST":0,
      "TASK_ERROR":0,
      "framework_ids":[
        "c3a4561b-aa55-4ad0-81fc-4444b1257ddf-0000",
        "c3a4561b-aa55-4ad0-81fc-4444b1257ddf-0002"
      ]
    }
  ],
  "frameworks":[
    {
      "id":"c3a4561b-aa55-4ad0-81fc-4444b1257ddf-0003",
      "name":"spark",
      "pid":"scheduler-0517e74d-328e-4306-91f1-4436ecfbcc3f@10.0.1.37:39959",
      "used_resources":{
        "disk":0.0,
        "mem":0.0,
        "gpus":0.0,
        "cpus":0.0
      },
      "offered_resources":{
        "disk":0.0,
        "mem":0.0,
        "gpus":0.0,
        "cpus":0.0
      },
      "capabilities":[

      ],
      "hostname":"ip-10-0-1-37.us-west-2.compute.internal",
      "webui_url":"http:\/\/10.0.1.37:5733",
      "active":true,
      "TASK_STAGING":0,
      "TASK_STARTING":0,
      "TASK_RUNNING":0,
      "TASK_KILLING":0,
      "TASK_FINISHED":0,
      "TASK_KILLED":0,
      "TASK_FAILED":0,
      "TASK_LOST":0,
      "TASK_ERROR":0,
      "slave_ids":[

      ]
    },
    {
      "id":"c3a4561b-aa55-4ad0-81fc-4444b1257ddf-0002",
      "name":"confluent-kafka",
      "pid":"scheduler-d535d577-bff9-41d8-96fb-5023b056e368@10.0.1.37:36787",
      "used_resources":{
        "disk":5000.0,
        "mem":2560.0,
        "gpus":0.0,
        "cpus":1.5,
        "ports":"[9149-9149, 9199-9199]"
      },
      "offered_resources":{
        "disk":0.0,
        "mem":0.0,
        "gpus":0.0,
        "cpus":0.0
      },
      "capabilities":[

      ],
      "hostname":"ip-10-0-1-37.us-west-2.compute.internal",
      "webui_url":"",
      "active":true,
      "TASK_STAGING":0,
      "TASK_STARTING":0,
      "TASK_RUNNING":1,
      "TASK_KILLING":0,
      "TASK_FINISHED":0,
      "TASK_KILLED":0,
      "TASK_FAILED":0,
      "TASK_LOST":0,
      "TASK_ERROR":0,
      "slave_ids":[
        "c3a4561b-aa55-4ad0-81fc-4444b1257ddf-S0"
      ]
    },
    {
      "id":"c3a4561b-aa55-4ad0-81fc-4444b1257ddf-0001",
      "name":"metronome",
      "pid":"scheduler-0f24277e-2d4d-424d-a611-ab9cf85e031f@10.0.4.204:45645",
      "used_resources":{
        "disk":0.0,
        "mem":0.0,
        "gpus":0.0,
        "cpus":0.0
      },
      "offered_resources":{
        "disk":0.0,
        "mem":0.0,
        "gpus":0.0,
        "cpus":0.0
      },
      "capabilities":[

      ],
      "hostname":"10.0.4.204",
      "webui_url":"https:\/\/10.0.4.204:9443",
      "active":true,
      "TASK_STAGING":0,
      "TASK_STARTING":0,
      "TASK_RUNNING":0,
      "TASK_KILLING":0,
      "TASK_FINISHED":0,
      "TASK_KILLED":0,
      "TASK_FAILED":0,
      "TASK_LOST":0,
      "TASK_ERROR":0,
      "slave_ids":[

      ]
    },
    {
      "id":"c3a4561b-aa55-4ad0-81fc-4444b1257ddf-0000",
      "name":"marathon",
      "pid":"scheduler-0e836f7d-663c-4a44-93d9-4f3e59717b28@10.0.4.204:38167",
      "used_resources":{
        "disk":0.0,
        "mem":2286.0,
        "gpus":0.0,
        "cpus":2.1,
        "ports":"[5732-5735, 10195-10195, 31933-31933]"
      },
      "offered_resources":{
        "disk":0.0,
        "mem":0.0,
        "gpus":0.0,
        "cpus":0.0
      },
      "capabilities":[
        "TASK_KILLING_STATE"
      ],
      "hostname":"10.0.4.204",
      "webui_url":"https:\/\/10.0.4.204:8443",
      "active":true,
      "TASK_STAGING":0,
      "TASK_STARTING":0,
      "TASK_RUNNING":3,
      "TASK_KILLING":0,
      "TASK_FINISHED":32,
      "TASK_KILLED":0,
      "TASK_FAILED":0,
      "TASK_LOST":0,
      "TASK_ERROR":0,
      "slave_ids":[
        "c3a4561b-aa55-4ad0-81fc-4444b1257ddf-S0"
      ]
    }
  ]
}
